id	value
0	0
1	333772
2	667544
3	1001315
4	1335086
5	1668857
6	2002626
7	2336395
8	2670163
9	3003929
10	3337694
11	3671457
12	4005219
13	4338979
14	4672736
15	5006492
16	5340245
17	5673995
18	6007743
19	6341488
20	6675230
21	7008968
22	7342704
23	7676435
24	8010164
25	8343888
26	8677609
27	9011325
28	9345037
29	9678744
30	10012447
31	10346145
32	10679838
33	11013526
34	11347209
35	11680887
36	12014558
37	12348225
38	12681885
39	13015539
40	13349187
41	13682829
42	14016464
43	14350092
44	14683714
45	15017328
46	15350936
47	15684536
48	16018129
49	16351714
50	16685291
51	17018860
52	17352422
53	17685974
54	18019518
55	18353054
56	18686582
57	19020100
58	19353610
59	19687110
60	20020600
61	20354080
62	20687552
63	21021014
64	21354466
65	21687906
66	22021338
67	22354758
68	22688168
69	23021568
70	23354956
71	23688332
72	24021698
73	24355052
74	24688396
75	25021726
76	25355046
77	25688352
78	26021648
79	26354930
80	26688200
81	27021456
82	27354702
83	27687932
84	28021150
85	28354356
86	28687548
87	29020724
88	29353888
89	29687038
90	30020174
91	30353296
92	30686404
93	31019496
94	31352574
95	31685636
96	32018684
97	32351718
98	32684734
99	33017736
100	33350722
101	33683692
102	34016648
103	34349584
104	34682508
105	35015412
106	35348300
107	35681172
108	36014028
109	36346868
110	36679688
111	37012492
112	37345276
113	37678044
114	38010792
115	38343524
116	38676240
117	39008936
118	39341612
119	39674272
120	40006912
121	40339532
122	40672132
123	41004716
124	41337276
125	41669820
126	42002344
127	42334848
128	42667332
129	42999796
130	43332236
131	43664660
132	43997060
133	44329444
134	44661800
135	44994140
136	45326456
137	45658752
138	45991028
139	46323280
140	46655512
141	46987720
142	47319908
143	47652072
144	47984212
145	48316332
146	48648428
147	48980500
148	49312548
149	49644576
150	49976580
151	50308556
152	50640512
153	50972444
154	51304352
155	51636236
156	51968096
157	52299928
158	52631740
159	52963524
160	53295284
161	53627020
162	53958728
163	54290412
164	54622068
165	54953704
166	55285308
167	55616888
168	55948444
169	56279972
170	56611472
171	56942948
172	57274396
173	57605816
174	57937212
175	58268576
176	58599916
177	58931228
178	59262512
179	59593768
180	59924992
181	60256192
182	60587364
183	60918508
184	61249620
185	61580704
186	61911760
187	62242788
188	62573788
189	62904756
190	63235692
191	63566604
192	63897480
193	64228332
194	64559148
195	64889940
196	65220696
197	65551424
198	65882120
199	66212788
200	66543420
201	66874024
202	67204600
203	67535136
204	67865648
205	68196120
206	68526568
207	68856984
208	69187360
209	69517712
210	69848024
211	70178304
212	70508560
213	70838776
214	71168960
215	71499112
216	71829224
217	72159312
218	72489360
219	72819376
220	73149360
221	73479304
222	73809216
223	74139096
224	74468936
225	74798744
226	75128520
227	75458264
228	75787968
229	76117632
230	76447264
231	76776864
232	77106424
233	77435952
234	77765440
235	78094888
236	78424304
237	78753688
238	79083032
239	79412336
240	79741608
241	80070840
242	80400032
243	80729192
244	81058312
245	81387392
246	81716432
247	82045440
248	82374408
249	82703336
250	83032224
251	83361080
252	83689896
253	84018664
254	84347400
255	84676096
256	85004760
257	85333376
258	85661952
259	85990488
260	86318984
261	86647448
262	86975864
263	87304240
264	87632576
265	87960872
266	88289128
267	88617344
268	88945520
269	89273648
270	89601736
271	89929792
272	90257792
273	90585760
274	90913688
275	91241568
276	91569408
277	91897200
278	92224960
279	92552672
280	92880336
281	93207968
282	93535552
283	93863088
284	94190584
285	94518040
286	94845448
287	95172816
288	95500136
289	95827416
290	96154648
291	96481832
292	96808976
293	97136080
294	97463136
295	97790144
296	98117112
297	98444032
298	98770904
299	99097736
300	99424520
301	99751256
302	100077944
303	100404592
304	100731192
305	101057744
306	101384248
307	101710712
308	102037128
309	102363488
310	102689808
311	103016080
312	103342312
313	103668488
314	103994616
315	104320696
316	104646736
317	104972720
318	105298656
319	105624552
320	105950392
321	106276184
322	106601928
323	106927624
324	107253272
325	107578872
326	107904416
327	108229920
328	108555368
329	108880768
330	109206120
331	109531416
332	109856664
333	110181872
334	110507016
335	110832120
336	111157168
337	111482168
338	111807112
339	112132008
340	112456856
341	112781648
342	113106392
343	113431080
344	113755720
345	114080312
346	114404848
347	114729328
348	115053760
349	115378136
350	115702464
351	116026744
352	116350960
353	116675128
354	116999248
355	117323312
356	117647320
357	117971272
358	118295176
359	118619024
360	118942816
361	119266560
362	119590248
363	119913880
364	120237456
365	120560984
366	120884456
367	121207864
368	121531224
369	121854528
370	122177784
371	122500976
372	122824112
373	123147200
374	123470224
375	123793200
376	124116120
377	124438976
378	124761784
379	125084528
380	125407224
381	125729856
382	126052432
383	126374960
384	126697424
385	127019832
386	127342184
387	127664472
388	127986712
389	128308888
390	128631008
391	128953072
392	129275080
393	129597024
394	129918912
395	130240744
396	130562520
397	130884232
398	131205888
399	131527480
400	131849016
401	132170496
402	132491912
403	132813272
404	133134576
405	133455816
406	133776992
407	134098120
408	134419184
409	134740176
410	135061120
411	135382000
412	135702816
413	136023584
414	136344272
415	136664912
416	136985488
417	137306016
418	137626464
419	137946864
420	138267184
421	138587456
422	138907664
423	139227808
424	139547904
425	139867920
426	140187888
427	140507776
428	140827616
429	141147392
430	141467104
431	141786752
432	142106336
433	142425856
434	142745312
435	143064720
436	143384048
437	143703312
438	144022512
439	144341664
440	144660736
441	144979744
442	145298704
443	145617584
444	145936400
445	146255168
446	146573856
447	146892480
448	147211040
449	147529536
450	147847968
451	148166336
452	148484640
453	148802880
454	149121056
455	149439152
456	149757200
457	150075168
458	150393072
459	150710912
460	151028688
461	151346400
462	151664048
463	151981616
464	152299136
465	152616576
466	152933952
467	153251264
468	153568496
469	153885680
470	154202784
471	154519824
472	154836784
473	155153696
474	155470528
475	155787296
476	156104000
477	156420624
478	156737200
479	157053696
480	157370112
481	157686480
482	158002768
483	158318976
484	158635136
485	158951216
486	159267232
487	159583168
488	159899040
489	160214848
490	160530592
491	160846256
492	161161840
493	161477376
494	161792832
495	162108208
496	162423520
497	162738768
498	163053952
499	163369040
500	163684080
501	163999040
502	164313936
503	164628752
504	164943504
505	165258176
506	165572784
507	165887312
508	166201776
509	166516160
510	166830480
511	167144736
512	167458912
513	167773008
514	168087040
515	168400992
516	168714880
517	169028688
518	169342432
519	169656096
520	169969696
521	170283216
522	170596672
523	170910032
524	171223344
525	171536576
526	171849728
527	172162800
528	172475808
529	172788736
530	173101600
531	173414384
532	173727104
533	174039728
534	174352288
535	174664784
536	174977200
537	175289536
538	175601792
539	175913984
540	176226096
541	176538144
542	176850096
543	177161984
544	177473792
545	177785536
546	178097200
547	178408784
548	178720288
549	179031728
550	179343088
551	179654368
552	179965568
553	180276704
554	180587744
555	180898720
556	181209616
557	181520448
558	181831184
559	182141856
560	182452448
561	182762960
562	183073408
563	183383760
564	183694048
565	184004240
566	184314368
567	184624416
568	184934400
569	185244288
570	185554096
571	185863840
572	186173504
573	186483072
574	186792576
575	187102000
576	187411344
577	187720608
578	188029808
579	188338912
580	188647936
581	188956896
582	189265760
583	189574560
584	189883264
585	190191904
586	190500448
587	190808928
588	191117312
589	191425632
590	191733872
591	192042016
592	192350096
593	192658096
594	192966000
595	193273840
596	193581584
597	193889264
598	194196848
599	194504352
600	194811792
601	195119136
602	195426400
603	195733584
604	196040688
605	196347712
606	196654656
607	196961520
608	197268304
609	197574992
610	197881616
611	198188144
612	198494592
613	198800960
614	199107248
615	199413456
616	199719584
617	200025616
618	200331584
619	200637456
620	200943248
621	201248960
622	201554576
623	201860128
624	202165584
625	202470960
626	202776256
627	203081456
628	203386592
629	203691632
630	203996592
631	204301472
632	204606256
633	204910976
634	205215600
635	205520144
636	205824592
637	206128960
638	206433248
639	206737456
640	207041584
641	207345616
642	207649568
643	207953424
644	208257216
645	208560912
646	208864512
647	209168048
648	209471488
649	209774832
650	210078112
651	210381296
652	210684384
653	210987408
654	211290336
655	211593184
656	211895936
657	212198608
658	212501184
659	212803680
660	213106096
661	213408432
662	213710672
663	214012816
664	214314880
665	214616864
666	214918768
667	215220576
668	215522288
669	215823920
670	216125472
671	216426928
672	216728304
673	217029584
674	217330784
675	217631904
676	217932928
677	218233856
678	218534704
679	218835472
680	219136144
681	219436720
682	219737216
683	220037632
684	220337952
685	220638192
686	220938336
687	221238384
688	221538352
689	221838240
690	222138032
691	222437728
692	222737344
693	223036880
694	223336304
695	223635664
696	223934912
697	224234096
698	224533168
699	224832160
700	225131072
701	225429872
702	225728608
703	226027232
704	226325776
705	226624240
706	226922608
707	227220880
708	227519056
709	227817152
710	228115168
711	228413088
712	228710912
713	229008640
714	229306288
715	229603840
716	229901312
717	230198688
718	230495968
719	230793152
720	231090256
721	231387280
722	231684192
723	231981024
724	232277760
725	232574416
726	232870960
727	233167440
728	233463808
729	233760096
730	234056288
731	234352384
732	234648384
733	234944304
734	235240128
735	235535872
736	235831504
737	236127056
738	236422512
739	236717888
740	237013152
741	237308336
742	237603424
743	237898416
744	238193328
745	238488144
746	238782864
747	239077488
748	239372016
749	239666464
750	239960816
751	240255072
752	240549232
753	240843312
754	241137280
755	241431168
756	241724960
757	242018656
758	242312256
759	242605776
760	242899200
761	243192512
762	243485744
763	243778896
764	244071936
765	244364880
766	244657744
767	244950496
768	245243168
769	245535744
770	245828224
771	246120608
772	246412912
773	246705104
774	246997216
775	247289216
776	247581136
777	247872960
778	248164688
779	248456320
780	248747856
781	249039296
782	249330640
783	249621904
784	249913056
785	250204128
786	250495088
787	250785968
788	251076736
789	251367424
790	251658016
791	251948512
792	252238912
793	252529200
794	252819408
795	253109520
796	253399536
797	253689456
798	253979280
799	254269008
800	254558640
801	254848176
802	255137632
803	255426976
804	255716224
805	256005376
806	256294432
807	256583392
808	256872256
809	257161024
810	257449696
811	257738272
812	258026752
813	258315136
814	258603424
815	258891600
816	259179696
817	259467696
818	259755600
819	260043392
820	260331104
821	260618704
822	260906224
823	261193632
824	261480960
825	261768176
826	262055296
827	262342320
828	262629248
829	262916080
830	263202816
831	263489456
832	263776000
833	264062432
834	264348784
835	264635024
836	264921168
837	265207216
838	265493168
839	265779024
840	266064784
841	266350448
842	266636000
843	266921472
844	267206832
845	267492096
846	267777264
847	268062336
848	268347312
849	268632192
850	268916960
851	269201632
852	269486208
853	269770688
854	270055072
855	270339360
856	270623552
857	270907616
858	271191616
859	271475488
860	271759296
861	272042976
862	272326560
863	272610048
864	272893440
865	273176736
866	273459936
867	273743040
868	274026048
869	274308928
870	274591744
871	274874432
872	275157024
873	275439520
874	275721920
875	276004224
876	276286432
877	276568512
878	276850528
879	277132416
880	277414240
881	277695936
882	277977536
883	278259040
884	278540448
885	278821728
886	279102944
887	279384032
888	279665056
889	279945952
890	280226752
891	280507456
892	280788064
893	281068544
894	281348960
895	281629248
896	281909472
897	282189568
898	282469568
899	282749440
900	283029248
901	283308960
902	283588544
903	283868032
904	284147424
905	284426720
906	284705920
907	284985024
908	285264000
909	285542912
910	285821696
911	286100384
912	286378976
913	286657440
914	286935840
915	287214112
916	287492320
917	287770400
918	288048384
919	288326240
920	288604032
921	288881696
922	289159264
923	289436768
924	289714112
925	289991392
926	290268576
927	290545632
928	290822592
929	291099456
930	291376224
931	291652896
932	291929440
933	292205888
934	292482272
935	292758528
936	293034656
937	293310720
938	293586656
939	293862496
940	294138240
941	294413888
942	294689440
943	294964864
944	295240192
945	295515424
946	295790560
947	296065600
948	296340512
949	296615360
950	296890080
951	297164704
952	297439200
953	297713632
954	297987936
955	298262144
956	298536256
957	298810240
958	299084160
959	299357952
960	299631648
961	299905248
962	300178720
963	300452128
964	300725408
965	300998592
966	301271680
967	301544640
968	301817536
969	302090304
970	302362976
971	302635520
972	302908000
973	303180352
974	303452608
975	303724768
976	303996800
977	304268768
978	304540608
979	304812320
980	305083968
981	305355520
982	305626944
983	305898272
984	306169472
985	306440608
986	306711616
987	306982528
988	307253344
989	307524064
990	307794656
991	308065152
992	308335552
993	308605856
994	308876032
995	309146112
996	309416096
997	309685984
998	309955744
999	310225408
1000	310494976
1001	310764448
1002	311033824
1003	311303072
1004	311572224
1005	311841280
1006	312110208
1007	312379040
1008	312647776
1009	312916416
1010	313184960
1011	313453376
1012	313721696
1013	313989920
1014	314258016
1015	314526016
1016	314793920
1017	315061728
1018	315329408
1019	315597024
1020	315864512
1021	316131872
1022	316399168
1023	316666336
1024	316933408
1025	317200384
1026	317467232
1027	317733984
1028	318000640
1029	318267200
1030	318533632
1031	318799968
1032	319066208
1033	319332352
1034	319598368
1035	319864288
1036	320130112
1037	320395808
1038	320661408
1039	320926912
1040	321192320
1041	321457632
1042	321722816
1043	321987904
1044	322252864
1045	322517760
1046	322782528
1047	323047200
1048	323311744
1049	323576192
1050	323840544
1051	324104800
1052	324368928
1053	324632992
1054	324896928
1055	325160736
1056	325424448
1057	325688096
1058	325951584
1059	326215008
1060	326478304
1061	326741504
1062	327004608
1063	327267584
1064	327530464
1065	327793248
1066	328055904
1067	328318496
1068	328580960
1069	328843296
1070	329105568
1071	329367712
1072	329629760
1073	329891680
1074	330153536
1075	330415264
1076	330676864
1077	330938400
1078	331199808
1079	331461120
1080	331722304
1081	331983392
1082	332244384
1083	332505280
1084	332766048
1085	333026752
1086	333287296
1087	333547776
1088	333808128
1089	334068384
1090	334328544
1091	334588576
1092	334848512
1093	335108352
1094	335368064
1095	335627712
1096	335887200
1097	336146624
1098	336405920
1099	336665120
1100	336924224
1101	337183200
1102	337442112
1103	337700864
1104	337959552
1105	338218112
1106	338476576
1107	338734944
1108	338993184
1109	339251328
1110	339509376
1111	339767296
1112	340025120
1113	340282848
1114	340540480
1115	340797984
1116	341055392
1117	341312704
1118	341569888
1119	341826976
1120	342083968
1121	342340832
1122	342597600
1123	342854272
1124	343110848
1125	343367296
1126	343623648
1127	343879904
1128	344136032
1129	344392064
1130	344648000
1131	344903808
1132	345159520
1133	345415136
1134	345670656
1135	345926048
1136	346181344
1137	346436512
1138	346691616
1139	346946592
1140	347201440
1141	347456224
1142	347710880
1143	347965440
1144	348219872
1145	348474208
1146	348728448
1147	348982592
1148	349236608
1149	349490528
1150	349744320
1151	349998048
1152	350251648
1153	350505152
1154	350758528
1155	351011808
1156	351264992
1157	351518048
1158	351771040
1159	352023872
1160	352276640
1161	352529280
1162	352781824
1163	353034272
1164	353286592
1165	353538816
1166	353790944
1167	354042944
1168	354294880
1169	354546656
1170	354798368
1171	355049952
1172	355301440
1173	355552800
1174	355804096
1175	356055264
1176	356306304
1177	356557280
1178	356808128
1179	357058848
1180	357309504
1181	357560032
1182	357810464
1183	358060768
1184	358311008
1185	358561088
1186	358811104
1187	359060992
1188	359310784
1189	359560480
1190	359810048
1191	360059520
1192	360308896
1193	360558144
1194	360807296
1195	361056352
1196	361305312
1197	361554144
1198	361802880
1199	362051488
1200	362300032
1201	362548448
1202	362796736
1203	363044960
1204	363293056
1205	363541024
1206	363788928
1207	364036704
1208	364284384
1209	364531936
1210	364779392
1211	365026752
1212	365274016
1213	365521152
1214	365768192
1215	366015136
1216	366261952
1217	366508672
1218	366755296
1219	367001792
1220	367248192
1221	367494496
1222	367740704
1223	367986784
1224	368232768
1225	368478656
1226	368724416
1227	368970080
1228	369215648
1229	369461088
1230	369706432
1231	369951680
1232	370196800
1233	370441824
1234	370686752
1235	370931584
1236	371176288
1237	371420896
1238	371665408
1239	371909792
1240	372154080
1241	372398272
1242	372642336
1243	372886304
1244	373130176
1245	373373952
1246	373617600
1247	373861152
1248	374104608
1249	374347936
1250	374591168
1251	374834304
1252	375077312
1253	375320224
1254	375563040
1255	375805760
1256	376048352
1257	376290848
1258	376533248
1259	376775520
1260	377017696
1261	377259776
1262	377501728
1263	377743584
1264	377985344
1265	378227008
1266	378468544
1267	378709984
1268	378951328
1269	379192544
1270	379433664
1271	379674688
1272	379915584
1273	380156416
1274	380397088
1275	380637696
1276	380878176
1277	381118560
1278	381358848
1279	381599040
1280	381839104
1281	382079072
1282	382318912
1283	382558656
1284	382798304
1285	383037856
1286	383277280
1287	383516640
1288	383755840
1289	383994976
1290	384233984
1291	384472896
1292	384711712
1293	384950400
1294	385188992
1295	385427488
1296	385665888
1297	385904160
1298	386142336
1299	386380384
1300	386618368
1301	386856224
1302	387093984
1303	387331616
1304	387569152
1305	387806592
1306	388043936
1307	388281152
1308	388518272
1309	388755296
1310	388992224
1311	389229024
1312	389465728
1313	389702336
1314	389938816
1315	390175200
1316	390411488
1317	390647680
1318	390883744
1319	391119712
1320	391355584
1321	391591328
1322	391826976
1323	392062528
1324	392297984
1325	392533312
1326	392768544
1327	393003680
1328	393238720
1329	393473632
1330	393708448
1331	393943168
1332	394177760
1333	394412256
1334	394646656
1335	394880960
1336	395115136
1337	395349216
1338	395583200
1339	395817088
1340	396050848
1341	396284512
1342	396518080
1343	396751520
1344	396984864
1345	397218112
1346	397451264
1347	397684288
1348	397917248
1349	398150080
1350	398382784
1351	398615424
1352	398847936
1353	399080320
1354	399312640
1355	399544832
1356	399776928
1357	400008928
1358	400240832
1359	400472608
1360	400704288
1361	400935872
1362	401167328
1363	401398720
1364	401629984
1365	401861120
1366	402092192
1367	402323136
1368	402553984
1369	402784736
1370	403015360
1371	403245888
1372	403476320
1373	403706656
1374	403936896
1375	404167008
1376	404397024
1377	404626944
1378	404856736
1379	405086432
1380	405316032
1381	405545536
1382	405774912
1383	406004224
1384	406233408
1385	406462464
1386	406691456
1387	406920320
1388	407149088
1389	407377760
1390	407606336
1391	407834784
1392	408063136
1393	408291392
1394	408519520
1395	408747584
1396	408975520
1397	409203360
1398	409431072
1399	409658720
1400	409886240
1401	410113664
1402	410340992
1403	410568192
1404	410795296
1405	411022304
1406	411249216
1407	411476032
1408	411702720
1409	411929312
1410	412155808
1411	412382176
1412	412608480
1413	412834656
1414	413060736
1415	413286720
1416	413512576
1417	413738336
1418	413964000
1419	414189568
1420	414415040
1421	414640384
1422	414865632
1423	415090784
1424	415315840
1425	415540800
1426	415765632
1427	415990368
1428	416215008
1429	416439552
1430	416663968
1431	416888288
1432	417112512
1433	417336640
1434	417560672
1435	417784576
1436	418008384
1437	418232096
1438	418455712
1439	418679200
1440	418902624
1441	419125920
1442	419349120
1443	419572192
1444	419795200
1445	420018080
1446	420240864
1447	420463552
1448	420686144
1449	420908608
1450	421130976
1451	421353280
1452	421575424
1453	421797504
1454	422019488
1455	422241344
1456	422463104
1457	422684768
1458	422906336
1459	423127776
1460	423349120
1461	423570400
1462	423791520
1463	424012576
1464	424233536
1465	424454368
1466	424675104
1467	424895744
1468	425116288
1469	425336736
1470	425557056
1471	425777280
1472	425997408
1473	426217440
1474	426437376
1475	426657184
1476	426876928
1477	427096544
1478	427316064
1479	427535488
1480	427754784
1481	427974016
1482	428193120
1483	428412128
1484	428631040
1485	428849856
1486	429068544
1487	429287168
1488	429505664
1489	429724064
1490	429942368
1491	430160576
1492	430378656
1493	430596672
1494	430814560
1495	431032352
1496	431250048
1497	431467616
1498	431685120
1499	431902496
1500	432119808
1501	432336992
1502	432554080
1503	432771040
1504	432987936
1505	433204736
1506	433421408
1507	433637984
1508	433854464
1509	434070848
1510	434287104
1511	434503296
1512	434719360
1513	434935360
1514	435151232
1515	435367008
1516	435582656
1517	435798240
1518	436013696
1519	436229088
1520	436444352
1521	436659520
1522	436874592
1523	437089568
1524	437304416
1525	437519200
1526	437733856
1527	437948416
1528	438162880
1529	438377248
1530	438591520
1531	438805696
1532	439019744
1533	439233728
1534	439447584
1535	439661344
1536	439875008
1537	440088576
1538	440302048
1539	440515392
1540	440728672
1541	440941824
1542	441154880
1543	441367872
1544	441580736
1545	441793472
1546	442006144
1547	442218720
1548	442431168
1549	442643552
1550	442855808
1551	443067968
1552	443280032
1553	443492000
1554	443703872
1555	443915648
1556	444127296
1557	444338880
1558	444550336
1559	444761696
1560	444972992
1561	445184160
1562	445395232
1563	445606176
1564	445817056
1565	446027840
1566	446238496
1567	446449088
1568	446659552
1569	446869920
1570	447080192
1571	447290400
1572	447500448
1573	447710432
1574	447920320
1575	448130112
1576	448339776
1577	448549376
1578	448758848
1579	448968224
1580	449177536
1581	449386720
1582	449595808
1583	449804800
1584	450013664
1585	450222464
1586	450431168
1587	450639776
1588	450848256
1589	451056640
1590	451264960
1591	451473152
1592	451681248
1593	451889248
1594	452097152
1595	452304960
1596	452512672
1597	452720288
1598	452927808
1599	453135232
1600	453342528
1601	453549760
1602	453756864
1603	453963904
1604	454170816
1605	454377632
1606	454584384
1607	454791008
1608	454997536
1609	455203968
1610	455410304
1611	455616544
1612	455822688
1613	456028704
1614	456234656
1615	456440512
1616	456646240
1617	456851904
1618	457057472
1619	457262912
1620	457468256
1621	457673536
1622	457878688
1623	458083744
1624	458288736
1625	458493600
1626	458698368
1627	458903040
1628	459107616
1629	459312096
1630	459516480
1631	459720768
1632	459924960
1633	460129056
1634	460333056
1635	460536960
1636	460740736
1637	460944448
1638	461148064
1639	461351584
1640	461554976
1641	461758304
1642	461961536
1643	462164640
1644	462367680
1645	462570592
1646	462773440
1647	462976160
1648	463178816
1649	463381344
1650	463583776
1651	463786144
1652	463988384
1653	464190560
1654	464392608
1655	464594560
1656	464796448
1657	464998208
1658	465199872
1659	465401472
1660	465602944
1661	465804320
1662	466005600
1663	466206816
1664	466407904
1665	466608896
1666	466809824
1667	467010624
1668	467211328
1669	467411936
1670	467612480
1671	467812896
1672	468013216
1673	468213440
1674	468413600
1675	468613632
1676	468813568
1677	469013440
1678	469213184
1679	469412832
1680	469612416
1681	469811872
1682	470011232
1683	470210528
1684	470409696
1685	470608800
1686	470807776
1687	471006688
1688	471205472
1689	471404192
1690	471602784
1691	471801312
1692	471999712
1693	472198048
1694	472396288
1695	472594400
1696	472792448
1697	472990400
1698	473188256
1699	473385984
1700	473583648
1701	473781216
1702	473978688
1703	474176064
1704	474373344
1705	474570528
1706	474767616
1707	474964608
1708	475161504
1709	475358336
1710	475555040
1711	475751648
1712	475948192
1713	476144608
1714	476340928
1715	476537184
1716	476733312
1717	476929376
1718	477125344
1719	477321184
1720	477516960
1721	477712640
1722	477908224
1723	478103712
1724	478299104
1725	478494400
1726	478689600
1727	478884704
1728	479079744
1729	479274656
1730	479469504
1731	479664224
1732	479858880
1733	480053408
1734	480247872
1735	480442240
1736	480636512
1737	480830656
1738	481024736
1739	481218752
1740	481412640
1741	481606432
1742	481800128
1743	481993760
1744	482187264
1745	482380704
1746	482574016
1747	482767264
1748	482960416
1749	483153472
1750	483346432
1751	483539296
1752	483732064
1753	483924768
1754	484117344
1755	484309856
1756	484502240
1757	484694560
1758	484886784
1759	485078912
1760	485270944
1761	485462880
1762	485654720
1763	485846464
1764	486038144
1765	486229696
1766	486421184
1767	486612576
1768	486803840
1769	486995040
1770	487186176
1771	487377184
1772	487568096
1773	487758912
1774	487949664
1775	488140320
1776	488330880
1777	488521312
1778	488711712
1779	488901984
1780	489092160
1781	489282240
1782	489472256
1783	489662176
1784	489851968
1785	490041696
1786	490231328
1787	490420896
1788	490610336
1789	490799712
1790	490988960
1791	491178144
1792	491367232
1793	491556224
1794	491745120
1795	491933920
1796	492122656
1797	492311264
1798	492499808
1799	492688256
1800	492876608
1801	493064864
1802	493253056
1803	493441120
1804	493629120
1805	493817024
1806	494004832
1807	494192544
1808	494380160
1809	494567712
1810	494755136
1811	494942496
1812	495129760
1813	495316928
1814	495504000
1815	495691008
1816	495877888
1817	496064704
1818	496251424
1819	496438048
1820	496624608
1821	496811040
1822	496997408
1823	497183680
1824	497369856
1825	497555936
1826	497741920
1827	497927840
1828	498113632
1829	498299360
1830	498484992
1831	498670560
1832	498856000
1833	499041376
1834	499226656
1835	499411840
1836	499596928
1837	499781920
1838	499966848
1839	500151680
1840	500336416
1841	500521056
1842	500705600
1843	500890080
1844	501074464
1845	501258752
1846	501442944
1847	501627040
1848	501811072
1849	501995008
1850	502178848
1851	502362592
1852	502546240
1853	502729824
1854	502913312
1855	503096704
1856	503280000
1857	503463232
1858	503646368
1859	503829408
1860	504012352
1861	504195200
1862	504377984
1863	504560672
1864	504743264
1865	504925760
1866	505108192
1867	505290496
1868	505472736
1869	505654912
1870	505836960
1871	506018944
1872	506200832
1873	506382624
1874	506564320
1875	506745952
1876	506927488
1877	507108928
1878	507290272
1879	507471552
1880	507652736
1881	507833824
1882	508014816
1883	508195744
1884	508376576
1885	508557312
1886	508737952
1887	508918528
1888	509099008
1889	509279392
1890	509459680
1891	509639904
1892	509820032
1893	510000064
1894	510180000
1895	510359872
1896	510539648
1897	510719328
1898	510898944
1899	511078432
1900	511257856
1901	511437216
1902	511616448
1903	511795616
1904	511974688
1905	512153664
1906	512332576
1907	512511392
1908	512690112
1909	512868768
1910	513047296
1911	513225792
1912	513404160
1913	513582432
1914	513760640
1915	513938784
1916	514116800
1917	514294752
1918	514472608
1919	514650368
1920	514828064
1921	515005664
1922	515183168
1923	515360608
1924	515537952
1925	515715200
1926	515892352
1927	516069440
1928	516246432
1929	516423328
1930	516600160
1931	516776896
1932	516953536
1933	517130112
1934	517306592
1935	517482976
1936	517659264
1937	517835488
1938	518011616
1939	518187680
1940	518363648
1941	518539520
1942	518715296
1943	518891008
1944	519066624
1945	519242144
1946	519417600
1947	519592960
1948	519768256
1949	519943424
1950	520118528
1951	520293568
1952	520468480
1953	520643328
1954	520818112
1955	520992800
1956	521167392
1957	521341888
1958	521516320
1959	521690656
1960	521864896
1961	522039072
1962	522213152
1963	522387168
1964	522561056
1965	522734912
1966	522908640
1967	523082304
1968	523255872
1969	523429376
1970	523602784
1971	523776096
1972	523949312
1973	524122464
1974	524295552
1975	524468512
1976	524641440
1977	524814240
1978	524986976
1979	525159616
1980	525332192
1981	525504640
1982	525677056
1983	525849344
1984	526021568
1985	526193728
1986	526365792
1987	526537760
1988	526709632
1989	526881440
1990	527053152
1991	527224800
1992	527396352
1993	527567840
1994	527739200
1995	527910528
1996	528081728
1997	528252864
1998	528423936
1999	528594880
2000	528765760
2001	528936576
2002	529107296
2003	529277920
2004	529448480
2005	529618944
2006	529789344
2007	529959648
2008	530129856
2009	530300000
2010	530470048
2011	530640000
2012	530809888
2013	530979712
2014	531149440
2015	531319072
2016	531488608
2017	531658080
2018	531827488
2019	531996800
2020	532166016
2021	532335168
2022	532504224
2023	532673184
2024	532842080
2025	533010912
2026	533179616
2027	533348288
2028	533516832
2029	533685312
2030	533853728
2031	534022048
2032	534190272
2033	534358432
2034	534526496
2035	534694496
2036	534862400
2037	535030240
2038	535197984
2039	535365632
2040	535533216
2041	535700704
2042	535868128
2043	536035456
2044	536202720
2045	536369888
2046	536536992
2047	536704000
2048	536870912
